
--RAZONSOCIAL
INSERT INTO `razon_social` (`rut`, `nombre`) VALUES
('16.923.239-3', 'Cobo S.A.'),
('20.387.176-4', 'ECONOMICO S.A.'),
('23.851.113-2', 'K S.A.'),
('27.315.050-5', 'MEGA S.A.'),
('30.778.987-9', 'MENDOZA S.A.'),
('34.242.924-1', 'Qal S.A.'),
('37.706.861-7', 'REG S.A.'),
('41.170.798-3', 'SAN AGUSTIN S.A.'),
('44.634.735-7', 'TRIO S.A.'),
('48.098.672-2', 'Valdivia S.A.');



--REGIONES
INSERT INTO `regiones` (`id`, `nombre`) VALUES
(1, 'Tarapacá'),
(2, 'Antofagasta'),
(3, 'Atacama'),
(4, 'Coquimbo'),
(5, 'Valparaíso'),
(6, 'Lib. Gral. Bernardo O''Higgins'),
(7, 'Maule'),
(8, 'Biobío'),
(9, 'La Araucanía'),
(10, 'Los Lagos'),
(11, 'Aysén del General Carlos Ibáñez del Campo'),
(12, 'Magallanes y Antártica Chilena'),
(13, 'Metropolitana de Santiago'),
(14, 'Los Ríos'),
(15, 'Arica y Parinacota');

--COMUNAS
INSERT INTO `comunas` (`id`, `nombre`, `region_id`) VALUES
(30954, 'Estación Central', 13),
(30958, 'La Granja', 13),
(30972, 'Las Condes', 13),
(30984, 'Maipú', 13),
(30995, 'Compañía', 13),
(31027, 'Las Rejas', 13),
(31059, 'San Diego', 13),
(31061, 'La Pintana', 13),
(31067, 'Franklin', 13),
(31082, 'La Granja', 13),
(31091, 'Vivaceta', 13),
(31107, 'Santiago', 13),
(31140, 'La Florida', 13),
(31146, 'Ñuñoa', 13),
(31148, 'La Reina', 13),
(31152, 'Cerro Navia', 13),
(31168, 'Puente Alto', 13),
(31191, 'Providencia', 13),
(31198, 'Recoleta', 13),
(31209, 'Pudahuel', 13),
(31219, 'Talca', 7),
(31226, 'Antofagasta', 2),
(31259, 'La Unión', 14),
(31270, 'Con Con', 5),
(31303, 'San Fernando', 6),
(31324, 'San Felipe', 5),
(31341, 'Osorno', 10),
(31367, 'Peñalolen', 13),
(31383, 'Antofagasta', 2),
(31396, 'Temuco', 9),
(31422, 'Valdivia', 14),
(31444, 'La Serena', 4),
(31464, 'Puerto Varas', 10),
(31467, 'Puerto Montt', 10),
(31475, 'Concepción', 8),
(31492, 'Arica', 15),
(31501, 'Los Angeles', 8),
(31521, 'Cerrillos', 13),
(31535, 'Puente Alto', 13),
(31560, 'Antofagasta', 2),
(31585, 'Conchalí', 13),
(31606, 'La Calera', 5),
(31634, 'Valparaiso', 5),
(31655, 'Peñalolén', 13),
(31689, 'Viña del Mar', 5),
(31709, 'La Florida', 13),
(31727, 'Cerrillos', 13),
(31736, 'Concepción', 8),
(31760, 'Puente Alto', 13),
(31786, 'La Serena', 4),
(31803, 'La Reina', 13),
(31824, 'Macul', 13),
(31850, 'Maipú', 13),
(31881, 'El Belloto', 5),
(31886, 'Quilicura', 13),
(31893, 'Maipú', 13),
(31902, 'Puerto Montt', 10),
(31910, 'Temuco', 9),
(31933, 'Vitacura', 13),
(31954, 'Calama', 2),
(31975, 'Punta Arenas', 12),
(31981, 'Rancagua', 6),
(31987, 'La Florida (Mall Plaza Vespucio)', 13),
(31994, 'San Miguel', 13),
(32011, 'Peñalolén', 13),
(32044, 'Valdivia', 14),
(32050, 'Viña de Mar', 5),
(32053, 'Chillán', 8),
(32069, 'Valparaiso', 5),
(32088, 'Coquimbo', 4),
(32116, 'Quillota', 5),
(32148, 'P.A Cerda', 13),
(32179, 'Providencia', 13),
(32190, 'La Florida', 13),
(32202, 'Curruma', 5),
(32220, 'La Reina', 13),
(32253, 'Lo Barnechea', 13),
(32276, 'Melipilla', 13),
(32294, 'Rancagua', 6),
(32311, 'Quinta Normal', 13),
(32319, 'Renca', 13),
(32322, 'Peñalolen', 13),
(32334, 'Vitacura', 13),
(32342, 'La Cisterna', 13),
(32367, 'Curico', 7),
(32372, 'Quilpue', 5),
(32381, 'Los Andes', 5),
(32401, 'Talcahuano', 8),
(32403, 'El Bosque', 13),
(32413, 'Iquique', 1),
(32436, 'La calera', 5),
(32438, 'Linares', 7),
(32440, 'Las Condes', 13),
(32464, 'Coronel', 8),
(32495, 'San Pedro', 13),
(32500, 'Huechuraba', 13),
(32531, 'Limache', 5),
(32557, 'Ovalle', 4),
(32575, 'Villa Alemana', 5),
(32597, 'Peñaflor', 13),
(32610, 'San Bdo', 13),
(32614, 'San Anto', 5),
(32620, 'Rengo', 6),
(32652, 'Talagante', 13),
(32676, 'El Monte', 13),
(32700, 'Buin', 13),
(32719, 'Viña del Mar', 5),
(32746, 'Curacaví', 13),
(32766, 'Santiago', 13),
(32770, 'Pichilemu', 6),
(32790, 'Las Condes', 13),
(32811, 'Valdivia', 14),
(32828, 'Maipú', 13),
(32832, 'Talcahuano', 8),
(32839, 'Curicó', 7),
(32841, 'Temuco', 9),
(32875, 'Vitacura', 13),
(32882, 'Loncoche', 9),
(32894, 'Concepción', 8),
(32897, 'Chillán', 8),
(32929, 'Quintero', 5),
(32931, 'Pitrufquén', 9),
(32938, 'Ñuñoa', 13),
(32949, 'San Miguel', 13),
(32982, 'La Cisterna', 13),
(33012, 'Conchalí', 13),
(33021, 'Peñalolen', 13),
(33054, 'La Reina', 13),
(33069, 'La Florida', 13),
(33101, 'Independencia', 13),
(33119, 'La Granja', 13),
(33132, 'Cerro Navia', 13),
(33153, 'Quilicura', 13),
(33182, 'Ñuñoa', 13);

--DIRECCIONES
INSERT INTO `direcciones` (`shipto`, `rut`, `calle`, `numero`, `depto`, `otro`, `cliente_direccion_id`, `comuna_id`) VALUES
(70103224, '48.098.672-2', 'Av. Las Condes', 12207, NULL, NULL, 1012032221, 32440),
(70103176, '27.315.050-5', 'Av. Concha y Toro', 1477, NULL, NULL, 101403178, 31535),
(70103690, '30.778.987-9', 'Valdivia Bueras', 1400, NULL, NULL, 1014036932, 32044),
(70103522, '37.706.861-7', 'Los Libertadores', 316, NULL, NULL, 1031035224, 32676),
(70103087, '44.634.735-7', 'Apoquindo', 4335, NULL, NULL, 1043030819, 32790),
(70103232, '48.098.672-2', 'Av. Manuel Matta', 437, NULL, NULL, 104303239, 33153),
(70103247, '30.778.987-9', 'Av. Pajaritos', 4499, NULL, NULL, 1044032410, 31850),
(70103468, '30.778.987-9', 'Gran Av. José Miguel Carrera', 6150, NULL, NULL, 1061034610, 31994),
(70103341, '34.242.924-1', 'Camilo Henríquez', 627, NULL, NULL, 1062033424, 32367),
(70103557, '27.315.050-5', 'Nataniel Cox', 620, NULL, NULL, 1062035529, 31107),
(70103054, '37.706.861-7', 'Alcalde Luis Araya Cereceda', 1047, NULL, 'Mall', 1110030532, 32597),
(70103214, '48.098.672-2', 'Av. La Florida', 10149, 35, NULL, 1110032112, 32190),
(70103509, '34.242.924-1', 'Joaquín Edwards Bello', 10670, NULL, NULL, 111003506, 31082),
(70103409, '34.242.924-1', 'Dr. Salinas', 1101, NULL, NULL, 111103404, 32294),
(70103687, '34.242.924-1', 'V. Mackenna', 160, NULL, NULL, 1116036826, 32557),
(70103126, '34.242.924-1', 'Av Walker Martínez', 1786, NULL, NULL, 1117031225, 32190),
(70103382, '34.242.924-1', 'Colón', 196, NULL, NULL, 1119033832, 32401),
(70103111, '34.242.924-1', 'Av Calos Valdovinos', 2020, NULL, NULL, 112003112, 32148),
(70103628, '20.387.176-4', 'San Diego', 219, NULL, NULL, 112103627, 31107),
(70103545, '34.242.924-1', 'Manuel Montt', 221, NULL, NULL, 1122035430, 32464),
(70103158, '34.242.924-1', 'Av. Cardenal Samoré', 2335, NULL, NULL, 1123031532, 32202),
(70103683, '34.242.924-1', 'Uruguay', 350, NULL, NULL, 1135036824, 32069),
(70103075, '30.778.987-9', 'Americo Vespucio', 4100, NULL, NULL, 1141030712, 31655),
(70103139, '30.778.987-9', 'Av. A. Vespucio Sur', 6325, NULL, NULL, 1163031331, 31709),
(70103347, '34.242.924-1', 'Carrera', 811, NULL, NULL, 1181033413, 32372),
(70103480, '34.242.924-1', 'Gran Avenida', 9863, 34, NULL, 1198034828, 32403),
(70103568, '34.242.924-1', 'P. de Valdivia', 1066, NULL, NULL, 121003562, 31475),
(70103181, '34.242.924-1', 'Av. Dorsal', 1201, NULL, NULL, 1212031832, 31585),
(70103116, '34.242.924-1', 'Av Francisco Bilbao', 2855, NULL, NULL, 122803115, 32179),
(70103040, '34.242.924-1', '21 de Mayo', 3225, NULL, NULL, 1232030429, 31475),
(70103617, '34.242.924-1', 'República de Chil', 391, NULL, NULL, 1239036123, 32294),
(70103084, '34.242.924-1', 'Antonio Varas', 711, NULL, NULL, 1271030811, 31467),
(70103146, '48.098.672-2', 'Av. Apoquindo', 7200, NULL, NULL, 1272031429, 32440),
(70103206, '48.098.672-2', 'Av. José Joaquín Pérez', 7259, NULL, NULL, 127203203, 33132),
(70103293, '34.242.924-1', 'Av. Valparaiso', 740, NULL, 'Mall', 1274032920, 32050),
(70103412, '30.778.987-9', 'Edo. Frei Montalva', 1110, NULL, NULL, 1311034129, 31975),
(70103195, '44.634.735-7', 'Av. Francisco Salazar', 1650, NULL, NULL, 1316031916, 32841),
(70103639, '20.387.176-4', 'San Pablo', 2902, NULL, NULL, 132903632, 31107),
(70103467, '44.634.735-7', 'Gral. José Artigas', 3250, NULL, NULL, 133203466, 32938),
(70103285, '37.706.861-7', 'Av. Serrano', 395, NULL, NULL, 133903283, 32276),
(70103307, '30.778.987-9', 'Avenida Parque Industrial', 400, NULL, NULL, 1340033025, 31902),
(70103082, '44.634.735-7', 'Anibal Pinto', 540, NULL, NULL, 135403084, 32770),
(70103587, '44.634.735-7', 'Portugal', 56, NULL, NULL, 1356035831, 32766),
(70103439, '37.706.861-7', 'Eyzaguirre', 715, NULL, NULL, 1371034330, 32652),
(70103657, '44.634.735-7', 'Santa Rosa', 8002, NULL, NULL, 138003658, 33119),
(70103199, '48.098.672-2', 'Av. Ismael Valdés', 838, NULL, NULL, 1383031927, 31107),
(70103647, '20.387.176-4', 'Santa Isabel', 865, NULL, NULL, 138603645, 31191),
(70103662, '20.387.176-4', 'Tobalaba', 1177, NULL, NULL, 141103661, 31191),
(70103700, '34.242.924-1', 'Vicuña Mackenna', 1145, NULL, NULL, 141103707, 32190),
(70103658, '44.634.735-7', 'Serafin Zamora', 127, NULL, NULL, 1412036510, 33069),
(70103071, '27.315.050-5', 'Américo Vesp.', 1501, NULL, NULL, 1415030719, 31521),
(70103079, '34.242.924-1', 'Anibal Pinto', 1551, NULL, NULL, 1415030725, 32088),
(70103462, '20.387.176-4', 'Grajales', 2146, NULL, NULL, 1421034617, 31107),
(70103726, '34.242.924-1', 'Zenteno', 232, NULL, NULL, 1423037234, 32436),
(70103572, '23.851.113-2', 'Pantaleón Cortes', 850, NULL, NULL, 1485035731, 31226),
(70103518, '44.634.735-7', 'Las Parcelas', 9001, NULL, 'Mall', 1490035126, 33021),
(70103713, '16.923.239-3', 'Vivaceta', 957, NULL, NULL, 1495037124, 31091),
(70103543, '44.634.735-7', 'Manuel Montt', 1079, NULL, NULL, 151003546, 31191),
(70103266, '30.778.987-9', 'Av. Ramón Freire', 1351, NULL, NULL, 1513032633, 31881),
(70103152, '34.242.924-1', 'Av. Brasil', 1479, NULL, NULL, 1514031522, 32069),
(70103424, '20.387.176-4', 'El Olimpo', 1990, NULL, NULL, 1519034233, 30984),
(70103035, '23.851.113-2', '14 de Febrero', 2455, NULL, NULL, 1524030310, 31226),
(70103299, '34.242.924-1', 'Avda. Ossa', 36, NULL, NULL, 1536032929, 32342),
(70103399, '23.851.113-2', 'Del Salvador', 451, NULL, NULL, 1545033916, 31464),
(70103538, '34.242.924-1', 'Manquehue Norte', 457, NULL, NULL, 1545035329, 32440),
(70103197, '23.851.113-2', 'Av. Grecia', 5791, NULL, NULL, 155703193, 31367),
(70103426, '34.242.924-1', 'El Roble', 770, NULL, NULL, 1577034212, 32053),
(70103101, '23.851.113-2', 'Augusto Grob', 1080, NULL, NULL, 161003106, 31259),
(70103553, '34.242.924-1', 'Michimalongo', 1040, NULL, NULL, 1610035518, 32495),
(70103204, '30.778.987-9', 'Av. Jorge Alessandri', 1131, NULL, NULL, 1611032027, 31803),
(70103417, '30.778.987-9', 'Eduardo Frie', 190, NULL, NULL, 1619034131, 31981),
(70103651, '16.923.239-3', 'Santa Rosa', 2055, NULL, NULL, 1620036534, 31067),
(70103053, '16.923.239-3', 'Alameda', 3390, NULL, NULL, 1633030532, 30954),
(70103352, '34.242.924-1', 'Cerro Tronador', 4981, NULL, NULL, 164903359, 31467),
(70103703, '23.851.113-2', 'Villagran', 558, NULL, NULL, 1655037034, 31501),
(70103510, '20.387.176-4', 'Jose Arrieta', 6282, NULL, NULL, 1662035131, 31148),
(70103457, '44.634.735-7', 'Gerónimo de Alderete', 697, NULL, NULL, 1669034532, 32841),
(70103453, '30.778.987-9', 'Froilán Roa', 7107, 87, NULL, 1671034531, 31987),
(70103032, '34.242.924-1', '1 Poniente', 811, NULL, NULL, 168103039, 32050),
(70103589, '34.242.924-1', 'Prat', 95, NULL, NULL, 1695035813, 32116),
(70103564, '23.851.113-2', 'P. Aguirre Cerda', 1010, NULL, NULL, 1710035631, 31492),
(70103156, '34.242.924-1', 'Av. Cardenal Caro', 1771, NULL, NULL, 1717031512, 31585),
(70103384, '16.923.239-3', 'Compañía', 2305, NULL, 'Mall', 1723033817, 30995),
(70103096, '44.634.735-7', 'Arturo Prat', 54, NULL, NULL, 175403092, 32811),
(70103378, '20.387.176-4', 'Colombia', 7111, NULL, NULL, 1771033718, 31140),
(70103046, '34.242.924-1', '5 de Abril', 864, NULL, NULL, 178603046, 32053),
(70103167, '30.778.987-9', 'Av. Concepción', 9000, NULL, NULL, 179003167, 31736),
(70103218, '48.098.672-2', 'Av. La Florida', 9385, NULL, 'Mall', 1793032121, 32190),
(70103068, '44.634.735-7', 'Ambrosio O''Higgins', 1689, NULL, NULL, 1816030612, 32746),
(70103144, '30.778.987-9', 'Av. Americo Vespucio', 2500, NULL, 'Mall', 1825031417, 31727),
(70103332, '34.242.924-1', 'Bulnes', 279, NULL, NULL, 1827033319, 31396),
(70103716, '34.242.924-1', 'Yumbel', 348, NULL, NULL, 1834037119, 32438),
(70103624, '44.634.735-7', 'Salomón Sack', 351, NULL, NULL, 1835036218, 33101),
(70103678, '34.242.924-1', 'Urmeneta', 430, NULL, NULL, 184303671, 32531),
(70103344, '23.851.113-2', 'Carrera', 499, NULL, NULL, 1849033426, 31396),
(70103083, '34.242.924-1', 'Anibal Pinto', 542, NULL, 'Mall', 1854030827, 31475),
(70103654, '16.923.239-3', 'Santa Rosa', 7668, NULL, NULL, 187603659, 31082),
(70103164, '44.634.735-7', 'Av. Colón', 7948, NULL, 'Mall', 187903166, 32832),
(70103175, '34.242.924-1', 'Av. Concha y Toro', 1036, NULL, NULL, 1910031729, 31535),
(70103435, '37.706.861-7', 'Eyzaguirre', 105, NULL, NULL, 1910034327, 31535),
(70103504, '34.242.924-1', 'J:J Perez', 102, NULL, NULL, 1910035032, 32436),
(70103649, '16.923.239-3', 'Santa Rosa', 1305, NULL, NULL, 1913036418, 31061),
(70103237, '44.634.735-7', 'Av. Miguel Ramirez', 1420, NULL, NULL, 1914032321, 31981),
(70103210, '30.778.987-9', 'Av. José Pedro Alessandri', 2127, NULL, NULL, 1921032110, 31824),
(70103521, '34.242.924-1', 'Local Villanelo', 236, NULL, NULL, 1923035229, 32050),
(70103490, '34.242.924-1', 'Heroes de la Concepción', 2855, NULL, NULL, 1928034916, 32413),
(70103059, '16.923.239-3', 'Almirante La torre', 310, NULL, NULL, 1931030528, 30958),
(70103309, '30.778.987-9', 'Avenida Prieto Norte', 320, NULL, NULL, 1932033033, 31910),
(70103114, '23.851.113-2', 'Av Con Cón Reñaca', 385, NULL, NULL, 1938031125, 31270),
(70103499, '44.634.735-7', 'Irarrazabal', 4354, NULL, NULL, 194303493, 32938),
(70103448, '23.851.113-2', 'Freire', 455, NULL, NULL, 1945034433, 31475),
(70103391, '20.387.176-4', 'Curicó', 517, NULL, NULL, 1951033921, 31107),
(70103310, '37.706.861-7', 'B. O''Higgins', 528, NULL, NULL, 1952033126, 32610),
(70103591, '30.778.987-9', 'Presidente Kennedy', 5377, NULL, NULL, 1953035928, 32011),
(70103090, '16.923.239-3', 'Apoquindo', 8450, NULL, NULL, 198403097, 30972),
(70103708, '44.634.735-7', 'Vitacura', 8400, NULL, NULL, 1984037019, 32875),
(70103632, '20.387.176-4', 'San Francisco', 8520, NULL, 'Mall', 1985036312, 31209),
(70103091, '34.242.924-1', 'Arlegui', 948, NULL, NULL, 1994030922, 32050),
(70103407, '23.851.113-2', 'Diego Portales', 1040, NULL, NULL, 2010034030, 31467),
(70103130, '23.851.113-2', 'Av. Yungay', 1150, NULL, NULL, 201103138, 31324),
(70103562, '20.387.176-4', 'Ossandón', 1220, NULL, NULL, 2012035614, 31148),
(70103609, '44.634.735-7', 'Ramón Freire', 1529, NULL, NULL, 2015036032, 32828),
(70103077, '44.634.735-7', 'Amunategui', 178, NULL, NULL, 2017030713, 32766),
(70103622, '44.634.735-7', 'Rojas Magallanes', 1856, NULL, NULL, 2018036218, 33069),
(70103231, '34.242.924-1', 'Av. Manso', 533, NULL, NULL, 2053032319, 32276),
(70103020, '30.778.987-9', 'General Velásquez', 60, NULL, NULL, 2060030225, 31634),
(70103323, '23.851.113-2', 'Baquedano', 750, NULL, NULL, 207503328, 31383),
(70103324, '44.634.735-7', 'Barros Arana', 776, NULL, NULL, 2077033212, 32882),
(70103580, '34.242.924-1', 'Pedro Fontova', 7789, NULL, NULL, 2077035816, 32500),
(70103395, '34.242.924-1', 'D. Portales', 802, NULL, NULL, 208003395, 32372),
(70103132, '30.778.987-9', 'Av. 15 Norte', 961, NULL, NULL, 209603136, 31689),
(70103619, '23.851.113-2', 'Rodriguez', 1190, NULL, NULL, 2111036122, 31396),
(70103242, '34.242.924-1', 'Av. Pablo Neruda', 2050, NULL, NULL, 2120032411, 31396),
(70103721, '30.778.987-9', 'Zenteno', 21, NULL, NULL, 2121037212, 31226),
(70103612, '20.387.176-4', 'Recoleta', 2302, NULL, NULL, 2123036130, 31198),
(70103334, '30.778.987-9', 'Balmaceda ', 3242, NULL, NULL, 2132033319, 31954),
(70103485, '44.634.735-7', 'Grecia', 320, NULL, NULL, 2132034813, 32938),
(70103250, '16.923.239-3', 'Av. Pajaritos', 4909, NULL, NULL, 2149032529, 30984),
(70103104, '34.242.924-1', 'Av . San Martín', 147, NULL, NULL, 2214031014, 32116),
(70103143, '44.634.735-7', 'Av. Alfredo Silva', 1414, NULL, NULL, 2214031430, 32828),
(70103337, '41.170.798-3', 'Caletera Los Aromos', 441, NULL, NULL, 224403334, 32652),
(70103606, '34.242.924-1', 'Quillota', 441, NULL, NULL, 224403601, 32050),
(70103574, '20.387.176-4', 'Pedro de Valdivia', 5359, NULL, NULL, 2253035731, 31146),
(70103295, '34.242.924-1', 'Av. Vitacura', 6255, NULL, NULL, 2262032914, 32334),
(70103282, '44.634.735-7', 'Av. Santa María', 6940, NULL, NULL, 2269032822, 32875),
(70103526, '34.242.924-1', 'Los Pensamientos', 10260, NULL, NULL, 2310035228, 31082),
(70103403, '34.242.924-1', 'Diagonal P. Aguirre Cerda', 1107, NULL, NULL, 2311034030, 31475),
(70103508, '34.242.924-1', 'Januario Espinoza', 1183, NULL, NULL, 2311035021, 32438),
(70103432, '44.634.735-7', 'Estrella de Chile', 169, NULL, NULL, 2316034324, 32929),
(70103447, '34.242.924-1', 'Freire', 2411, NULL, NULL, 2324034418, 32372),
(70103442, '44.634.735-7', 'Fco. Bilbao', 338, NULL, NULL, 233303447, 32931),
(70103419, '44.634.735-7', 'Eduardo Marquina', 3992, NULL, NULL, 233903413, 32875),
(70103450, '34.242.924-1', 'Freire', 496, NULL, NULL, 234903459, 32372),
(70103254, '48.098.672-2', 'Av. Parque Central Pon.', 1040, NULL, NULL, 31003258, 30984),
(70103386, '37.706.861-7', 'Condell', 100, NULL, NULL, 310033833, 32620),
(70103093, '37.706.861-7', 'Arturo Prat', 117, NULL, NULL, 31103093, 32610),
(70103584, '34.242.924-1', 'Portugal', 112, NULL, NULL, 311035832, 31107),
(70103600, '20.387.176-4', 'Providencia', 1634, NULL, NULL, 316036021, 31191),
(70103629, '16.923.239-3', 'San Diego', 235, NULL, NULL, 323036228, 31059),
(70103121, '23.851.113-2', 'Av Manuel Rodriguez', 26, NULL, NULL, 326031229, 31303),
(70103228, '34.242.924-1', 'Av. Los trapenses', 3515, NULL, NULL, 33503224, 32253),
(70103270, '34.242.924-1', 'Av. San Pablo', 4870, NULL, NULL, 34803271, 32311),
(70103301, '30.778.987-9', 'Avenida Los Toros', 5441, NULL, NULL, 354033034, 31168),
(70103577, '27.315.050-5', 'Pedro Fontova', 5810, NULL, NULL, 35803579, 31585),
(70103511, '20.387.176-4', 'José Joaquín Perez', 6140, NULL, NULL, 361035114, 31152),
(70103209, '48.098.672-2', 'Av. José Miguel Carrera', 6610, NULL, NULL, 366032031, 32342),
(70103371, '34.242.924-1', 'Claudio Vicuña', 696, NULL, NULL, 36903378, 32372),
(70103027, '44.634.735-7', '1 Norte', 869, NULL, NULL, 386030234, 32719),
(70103517, '48.098.672-2', 'Jose Pedro Alessandri', 1132, NULL, NULL, 411035110, 33182),
(70103233, '34.242.924-1', 'Av. Membrillar', 20, 34, NULL, 42003234, 32294),
(70103186, '44.634.735-7', 'Av. Estado', 43, NULL, NULL, 443031828, 32839),
(70103367, '23.851.113-2', 'Cienfuegos', 527, NULL, NULL, 45203361, 31444),
(70103529, '23.851.113-2', 'Maipú', 646, NULL, NULL, 46403521, 31226),
(70103592, '44.634.735-7', 'Principe de Gales', 7271, NULL, NULL, 47203593, 33054),
(70103063, '34.242.924-1', 'Almirante Riveros', 17, NULL, NULL, 517030613, 32069),
(70103636, '37.706.861-7', 'San Martín', 174, NULL, NULL, 517036328, 32700),
(70103306, '30.778.987-9', 'Avenida Pajaritos', 2689, NULL, NULL, 526033032, 31893),
(70103686, '34.242.924-1', 'v. Jorge Alessandri', 3177, NULL, NULL, 53103682, 32401),
(70103695, '34.242.924-1', 'Valparaiso', 569, NULL, NULL, 556036934, 32575),
(70103322, '20.387.176-4', 'Bandera', 814, NULL, NULL, 581033225, 31107),
(70103159, '23.851.113-2', 'Av. Cesar Ercilla', 1075, NULL, NULL, 610031519, 31341),
(70103171, '30.778.987-9', 'Av. Concha y Toro', 1149, NULL, NULL, 611031717, 31760),
(70103561, '44.634.735-7', 'Obispo Orrego', 1250, NULL, NULL, 612035610, 32938),
(70103596, '27.315.050-5', 'Prolongación J.J.Pérez', 12010, NULL, NULL, 612035917, 31606),
(70103261, '37.706.861-7', 'Av. Ramón Barros Luco', 1399, 567, NULL, 613032626, 32614),
(70103720, '44.634.735-7', 'Zapadores', 1320, NULL, NULL, 613037215, 33012),
(70103494, '48.098.672-2', 'Huerfános', 1437, NULL, NULL, 614034928, 31107),
(70103513, '20.387.176-4', 'Jose Luis Coo', 1558, NULL, NULL, 615035117, 31168),
(70103328, '30.778.987-9', 'Buenaventura', 1770, NULL, NULL, 61703328, 31933),
(70103549, '34.242.924-1', 'Merced', 25, NULL, 'Mall', 62503541, 31324),
(70103259, '48.098.672-2', 'Av. Pedro de Valdivia', 3362, NULL, NULL, 633032510, 33182),
(70103277, '34.242.924-1', 'Av. Santa Maria', 3962, NULL, NULL, 639032716, 32319),
(70103487, '44.634.735-7', 'Guanaco', 4480, NULL, NULL, 64403482, 33012),
(70103222, '34.242.924-1', 'Av. Larraín', 6677, NULL, NULL, 666032211, 32220),
(70103642, '30.778.987-9', 'Santa Amalia', 1763, NULL, NULL, 717036429, 31709),
(70103601, '34.242.924-1', 'Providencia', 2178, NULL, NULL, 721036014, 32179),
(70103318, '27.315.050-5', 'Balmaceda', 2355, NULL, NULL, 72303313, 31560),
(70103273, '34.242.924-1', 'Av. Santa Maria', 2415, NULL, NULL, 724032719, 31492),
(70103296, '30.778.987-9', 'Avda. Bernardo O''Higgins', 314, NULL, NULL, 731032925, 31886),
(70103044, '44.634.735-7', '4 Poniente', 638, NULL, NULL, 763030411, 32719),
(70103024, '23.851.113-2', '1 Norte', 1201, NULL, NULL, 812030220, 31219),
(70103533, '44.634.735-7', 'Manquehue', 1700, NULL, NULL, 817035318, 32790),
(70103183, '34.242.924-1', 'Av. Ercilla', 190, NULL, NULL, 819031827, 31501),
(70103191, '30.778.987-9', 'Av. Francisco de Aguirre', 2, NULL, NULL, 82031911, 31786),
(70103135, '48.098.672-2', 'Av. 5 de Abril', 216, NULL, NULL, 82103135, 30984),
(70103086, '44.634.735-7', 'Apoquindo', 2270, NULL, NULL, 822030825, 32790),
(70103608, '34.242.924-1', 'R. Sotomayor', 230, NULL, NULL, 823036016, 32050),
(70103471, '44.634.735-7', 'Gran Avenida', 5485, NULL, NULL, 854034711, 32949),
(70103476, '44.634.735-7', 'Gran Avenida', 9150, NULL, NULL, 891034726, 32982),
(70103230, '34.242.924-1', 'Av. Manantiales', 1021, NULL, NULL, 910032313, 31270),
(70103289, '34.242.924-1', 'Av. Tobalaba', 13949, NULL, NULL, 913032813, 32322),
(70103581, '34.242.924-1', 'Pedro Montt', 1845, NULL, NULL, 918035833, 32069),
(70103051, '20.387.176-4', 'Alameda', 2843, NULL, NULL, 928030522, 31107),
(70103455, '20.387.176-4', 'General Artigas', 2851, NULL, NULL, 928034516, 31146),
(70103355, '34.242.924-1', 'Chacabuco', 42, NULL, NULL, 942033524, 32381),
(70103411, '16.923.239-3', 'Ecuador', 5455, NULL, NULL, 954034121, 31027),
(70103358, '23.851.113-2', 'Chacabuco', 555, NULL, NULL, 955033517, 31422),
(70103388, '20.387.176-4', 'Coventry', 601, 3, NULL, 960033823, 31146),
(70103151, '30.778.987-9', 'Av. Arturo Prat', 651, 45, NULL, 965031522, 31736),
(70103362, '44.634.735-7', 'Chacabuco', 70, NULL, NULL, 970033615, 32894),
(70103376, '44.634.735-7', 'Collín', 866, NULL, NULL, 986033728, 32897);
